{
  "channels": [
    "defaults"
  ],
  "conda_build_version": "3.17.8",
  "conda_private": false,
  "conda_version": "4.8.1",
  "description": "Six provides simple utilities for wrapping over differences between\nPython 2 and Python 3. It is intended to support codebases that work on\nboth Python 2 and 3 without modification. six consists of only one Python\nfile, so it is painless to copy into a project.\n",
  "dev_url": "https://github.com/benjaminp/six",
  "doc_url": "https://six.readthedocs.io/",
  "env_vars": {
    "CIO_TEST": "<not set>"
  },
  "extra": {
    "copy_test_source_files": true,
    "final": true,
    "recipe-maintainers": [
      "jakirkham",
      "msarahan",
      "ocefpaf"
    ]
  },
  "home": "https://six.readthedocs.io/",
  "identifiers": [],
  "keywords": [],
  "license": "MIT",
  "license_family": "MIT",
  "license_file": "LICENSE",
  "root_pkgs": [
    "asn1crypto 1.3.0 py37_0",
    "backports 1.0 py_2",
    "backports.functools_lru_cache 1.6.1 py_0",
    "backports.tempfile 1.0 py_1",
    "backports.weakref 1.0.post1 py_1",
    "beautifulsoup4 4.8.2 py37_0",
    "bzip2 1.0.8 he774522_0",
    "ca-certificates 2019.11.27 0",
    "certifi 2019.11.28 py37_0",
    "cffi 1.13.2 py37h7a1dbc1_0",
    "chardet 3.0.4 py37_1003",
    "click 7.0 py37_0",
    "conda 4.8.1 py37_0",
    "conda-build 3.17.8 py37_0",
    "conda-package-handling 1.6.0 py37h62dcd97_0",
    "conda-verify 3.4.2 py_1",
    "cryptography 2.8 py37h7a1dbc1_0",
    "filelock 3.0.12 py_0",
    "future 0.18.2 py37_0",
    "git 2.23.0 h6bb4b03_0",
    "glob2 0.7 py_0",
    "idna 2.8 py37_0",
    "jinja2 2.10.3 py_0",
    "libarchive 3.3.3 h0643e63_5",
    "libiconv 1.15 h1df5818_7",
    "liblief 0.9.0 ha925a31_2",
    "libxml2 2.9.9 h464c3ec_0",
    "lz4-c 1.8.1.2 h2fa13f4_0",
    "lzo 2.10 h6df0209_2",
    "m2-base 1.0.0 3",
    "m2-bash 4.3.042 5",
    "m2-bash-completion 2.3 2",
    "m2-catgets 1.1 3",
    "m2-coreutils 8.25 102",
    "m2-dash 0.5.8 2",
    "m2-diffutils 3.3 4",
    "m2-file 5.25 2",
    "m2-filesystem 2016.04 4",
    "m2-findutils 4.6.0 2",
    "m2-gawk 4.1.3 2",
    "m2-gcc-libs 5.3.0 4",
    "m2-gettext 0.19.7 4",
    "m2-gmp 6.1.0 3",
    "m2-grep 2.22 4",
    "m2-gzip 1.7 2",
    "m2-inetutils 1.9.2 2",
    "m2-info 6.0 2",
    "m2-less 481 2",
    "m2-libasprintf 0.19.7 4",
    "m2-libbz2 1.0.6 3",
    "m2-libcatgets 1.1 3",
    "m2-libcrypt 1.3 2",
    "m2-libgettextpo 0.19.7 4",
    "m2-libiconv 1.14 3",
    "m2-libintl 0.19.7 4",
    "m2-liblzma 5.2.2 2",
    "m2-libpcre 8.38 2",
    "m2-libreadline 6.3.008 8",
    "m2-libutil-linux 2.26.2 2",
    "m2-libxml2 2.9.2 3",
    "m2-make 4.1 5",
    "m2-mintty 1!2.2.3 2",
    "m2-mpfr 3.1.4 2",
    "m2-msys2-launcher-git 0.3.28.860c495 2",
    "m2-msys2-runtime 2.5.0.17080.65c939c 3",
    "m2-ncurses 6.0.20160220 2",
    "m2-patch 2.7.5 2",
    "m2-sed 4.2.2 3",
    "m2-tar 1.28 4",
    "m2-tftp-hpa 5.2 2",
    "m2-time 1.7 2",
    "m2-ttyrec 1.0.8 2",
    "m2-tzcode 2015.e 2",
    "m2-unzip 6.0 3",
    "m2-util-linux 2.26.2 2",
    "m2-which 2.21 3",
    "m2-zip 3.0 2",
    "m2-zlib 1.2.8 4",
    "markupsafe 1.1.1 py37he774522_0",
    "menuinst 1.4.16 py37he774522_0",
    "msys2-conda-epoch 20160418 1",
    "openssl 1.1.1d he774522_3",
    "pip 19.3.1 py37_0",
    "pkginfo 1.5.0.1 py37_0",
    "posix 1.0.0 2",
    "psutil 5.6.7 py37he774522_0",
    "py-lief 0.9.0 py37ha925a31_2",
    "pycosat 0.6.3 py37he774522_0",
    "pycparser 2.19 py37_0",
    "pyopenssl 19.1.0 py37_0",
    "pysocks 1.7.1 py37_0",
    "python 3.7.6 h60c2a47_2",
    "python-libarchive-c 2.8 py37_13",
    "pytz 2019.3 py_0",
    "pywin32 227 py37he774522_1",
    "pyyaml 5.2 py37he774522_0",
    "requests 2.22.0 py37_1",
    "ruamel_yaml 0.15.87 py37he774522_0",
    "setuptools 44.0.0 py37_0",
    "six 1.13.0 py37_0",
    "soupsieve 1.9.5 py37_0",
    "sqlite 3.30.1 he774522_0",
    "tqdm 4.41.1 py_0",
    "urllib3 1.25.7 py37_0",
    "vc 14.1 h0510ff6_4",
    "vs2015_runtime 14.16.27012 hf0eaf9b_1",
    "wheel 0.33.6 py37_0",
    "wincertstore 0.2 py37_0",
    "win_inet_pton 1.1.0 py37_0",
    "xz 5.2.4 h2fa13f4_4",
    "yaml 0.1.7 hc54c509_2",
    "zlib 1.2.11 h62dcd97_3",
    "zstd 1.3.7 h508b16e_0"
  ],
  "summary": "Python 2 and 3 compatibility utilities",
  "tags": []
}