{
  "paths": [
    {
      "_path": "Lib/site-packages/__pycache__/six.cpython-37.pyc",
      "path_type": "hardlink",
      "sha256": "a322b561f08529467c4cdd09680f5f1753ee0bdb91a5306b5c07d44e3cf3fbc9",
      "size_in_bytes": 26820
    },
    {
      "_path": "Lib/site-packages/six-1.14.0.dist-info/INSTALLER",
      "path_type": "hardlink",
      "sha256": "ceebae7b8927a3227e5303cf5e0f1f7b34bb542ad7250ac03fbcde36ec2f1508",
      "size_in_bytes": 4
    },
    {
      "_path": "Lib/site-packages/six-1.14.0.dist-info/LICENSE",
      "path_type": "hardlink",
      "sha256": "8bb850c565aa389fdc16f3a46965ad23d82adff60f2393fc2762b63185e8e6c9",
      "size_in_bytes": 1066
    },
    {
      "_path": "Lib/site-packages/six-1.14.0.dist-info/METADATA",
      "path_type": "hardlink",
      "sha256": "9c401cf61b80b67d770676b7310d594acc28c9a57b18c25d29f1a5b87157e035",
      "size_in_bytes": 1795
    },
    {
      "_path": "Lib/site-packages/six-1.14.0.dist-info/RECORD",
      "path_type": "hardlink",
      "sha256": "4c5e4218013f3b1678bb06f98e18a704039f96f3a84f3ef6c8f9438d69b7329e",
      "size_in_bytes": 560
    },
    {
      "_path": "Lib/site-packages/six-1.14.0.dist-info/WHEEL",
      "path_type": "hardlink",
      "sha256": "2595ed61ea5916c7f82288af3699d280a21ce2a4c76a7d3c0d1779ea4a28fc33",
      "size_in_bytes": 116
    },
    {
      "_path": "Lib/site-packages/six-1.14.0.dist-info/top_level.txt",
      "path_type": "hardlink",
      "sha256": "fe2547fe2604b445e70fc9d819062960552f9145bdb043b51986e478a4806a2b",
      "size_in_bytes": 4
    },
    {
      "_path": "Lib/site-packages/six.py",
      "path_type": "hardlink",
      "sha256": "43a5af1176750c6100480a370863422642afdad3f2f3191298af951c4f4f6080",
      "size_in_bytes": 34074
    }
  ],
  "paths_version": 1
}